created_at,entry_id,field1,field2,field3
2019-01-23 14:38:39 UTC,1,,,
2019-01-23 14:39:01 UTC,2,,,
2019-01-23 14:41:29 UTC,3,20,32,0
2019-01-23 14:41:50 UTC,4,20,32,0
2019-01-23 14:42:11 UTC,5,20,32,0
2019-01-23 14:42:41 UTC,6,,,
2019-01-23 14:47:54 UTC,7,,,
2019-01-23 14:48:50 UTC,8,,,
2019-01-23 14:49:09 UTC,9,,,
2019-01-23 14:49:31 UTC,10,,,
2019-01-23 14:49:52 UTC,11,,,
2019-01-23 14:50:13 UTC,12,,,
2019-01-23 14:50:34 UTC,13,,,
2019-01-23 14:50:56 UTC,14,,,
2019-01-23 14:51:17 UTC,15,,,
2019-01-23 14:51:39 UTC,16,,,
2019-01-23 14:52:00 UTC,17,,,
2019-01-23 14:52:25 UTC,18,,,
2019-01-23 14:52:51 UTC,19,,,
2019-01-23 14:53:11 UTC,20,,,
2019-01-23 14:53:35 UTC,21,,,
2019-01-23 14:53:58 UTC,22,,,
2019-01-23 14:54:20 UTC,23,,,
2019-01-23 14:54:44 UTC,24,,,
2019-01-23 14:55:08 UTC,25,,,
2019-01-23 14:55:30 UTC,26,,,
2019-01-23 14:55:52 UTC,27,,,
2019-01-23 14:56:15 UTC,28,,,
2019-01-23 14:56:37 UTC,29,,,
2019-01-23 14:56:59 UTC,30,,,
2019-01-23 14:57:21 UTC,31,,,
2019-01-23 14:57:44 UTC,32,,,
2019-01-23 14:58:06 UTC,33,,,
2019-01-23 14:58:28 UTC,34,,,
2019-01-23 14:58:50 UTC,35,,,
2019-01-23 14:59:12 UTC,36,,,
2019-01-23 14:59:32 UTC,37,,,
2019-01-23 14:59:57 UTC,38,,,
2019-01-23 15:00:20 UTC,39,,,
2019-01-23 15:00:42 UTC,40,,,
2019-01-23 15:01:04 UTC,41,,,
2019-01-23 15:01:26 UTC,42,,,
2019-01-23 15:01:48 UTC,43,,,
2019-01-23 15:02:11 UTC,44,,,
2019-01-23 15:02:33 UTC,45,,,
2019-01-23 15:02:55 UTC,46,,,
2019-01-23 15:03:17 UTC,47,,,
2019-01-23 15:03:40 UTC,48,,,
2019-01-23 15:04:02 UTC,49,,,
2019-01-23 15:04:24 UTC,50,,,
2019-01-23 15:04:46 UTC,51,,,
2019-01-23 15:05:08 UTC,52,,,
2019-01-23 15:05:24 UTC,53,,,
2019-01-23 15:05:48 UTC,54,,,
2019-01-23 15:06:10 UTC,55,,,
2019-01-23 15:06:32 UTC,56,,,
2019-01-23 15:06:54 UTC,57,,,
2019-01-23 15:07:14 UTC,58,,,
2019-01-23 15:07:37 UTC,59,,,
2019-01-23 15:07:59 UTC,60,,,
2019-01-23 15:08:21 UTC,61,,,
2019-01-23 15:08:43 UTC,62,,,
2019-01-23 15:09:27 UTC,63,,,
2019-01-23 15:09:51 UTC,64,,,
2019-01-23 15:10:13 UTC,65,,,
2019-01-23 15:10:35 UTC,66,,,
2019-01-23 15:11:07 UTC,67,,,
2019-01-23 15:11:25 UTC,68,,,
2019-01-23 15:11:48 UTC,69,,,
2019-01-23 15:12:10 UTC,70,,,
2019-01-23 15:12:32 UTC,71,,,
2019-01-23 15:12:54 UTC,72,,,
2019-01-23 15:13:14 UTC,73,,,
2019-01-23 15:13:35 UTC,74,,,
2019-01-23 15:13:57 UTC,75,,,
2019-01-23 15:14:19 UTC,76,,,
2019-01-23 15:14:41 UTC,77,,,
2019-01-23 15:15:03 UTC,78,,,
2019-01-23 15:15:26 UTC,79,,,
2019-01-23 15:15:48 UTC,80,,,
2019-01-23 15:16:10 UTC,81,,,
2019-01-23 15:16:32 UTC,82,,,
2019-01-23 15:16:55 UTC,83,,,
2019-01-23 15:17:16 UTC,84,,,
2019-01-23 15:17:38 UTC,85,,,
2019-01-23 15:18:00 UTC,86,,,
2019-01-23 15:18:21 UTC,87,,,
2019-01-23 15:19:53 UTC,88,,,
2019-01-23 15:22:48 UTC,89,,,
2019-01-23 15:24:07 UTC,90,,,
2019-01-23 15:49:59 UTC,91,21,31,9
2019-01-23 15:50:24 UTC,92,,,
2019-01-23 15:50:46 UTC,93,,,
2019-01-23 15:51:06 UTC,94,,,
2019-01-23 15:51:28 UTC,95,,,
2019-01-23 15:51:50 UTC,96,,,
2019-01-23 15:52:06 UTC,97,,,
2019-01-23 15:52:28 UTC,98,,,
2019-01-23 15:52:50 UTC,99,,,
2019-01-23 15:53:12 UTC,100,,,
2019-01-23 15:54:03 UTC,101,21,31,8
2019-01-23 15:54:25 UTC,102,,,
2019-01-23 15:54:47 UTC,103,,,
2019-01-23 15:55:09 UTC,104,,,
2019-01-23 15:55:31 UTC,105,,,
2019-01-23 15:55:53 UTC,106,,,
2019-01-23 15:56:15 UTC,107,,,
2019-01-23 15:56:40 UTC,108,,,
2019-01-23 15:57:02 UTC,109,,,
2019-01-23 15:57:24 UTC,110,,,
2019-01-23 15:57:46 UTC,111,,,
2019-01-23 15:58:08 UTC,112,,,
2019-01-23 15:59:22 UTC,113,,,
2019-01-23 16:00:22 UTC,114,22,31,8
2019-01-23 16:00:37 UTC,115,,,
2019-01-23 16:00:59 UTC,116,,,
2019-01-23 16:01:14 UTC,117,22,27,9
2019-01-23 16:01:35 UTC,118,,,
2019-01-23 16:01:56 UTC,119,,,
2019-01-23 16:02:17 UTC,120,,,
2019-01-23 16:03:23 UTC,121,,,
2019-01-23 16:03:44 UTC,122,,,
2019-01-23 16:04:05 UTC,123,,,
2019-01-23 16:04:26 UTC,124,,,
2019-01-23 16:04:47 UTC,125,,,
2019-01-23 16:05:08 UTC,126,,,
2019-01-23 16:05:29 UTC,127,,,
2019-01-23 16:05:50 UTC,128,,,
2019-01-23 16:06:11 UTC,129,,,
2019-01-23 16:06:33 UTC,130,,,
2019-01-23 16:06:53 UTC,131,,,
2019-01-23 16:07:15 UTC,132,,,
2019-01-23 16:07:36 UTC,133,,,
2019-01-23 16:07:57 UTC,134,,,
2019-01-23 16:09:02 UTC,135,22,30,
2019-01-23 16:09:23 UTC,136,22,31,
2019-01-23 16:09:44 UTC,137,22,31,
2019-01-23 16:10:06 UTC,138,22,27,
2019-01-23 16:10:27 UTC,139,22,30,
2019-01-23 16:10:48 UTC,140,22,30,
2019-01-23 16:11:11 UTC,141,22,30,
2019-01-23 16:11:30 UTC,142,22,30,
2019-01-23 16:11:51 UTC,143,22,30,
2019-01-23 16:12:12 UTC,144,22,29,
2019-01-23 16:12:33 UTC,145,22,30,
2019-01-23 17:05:50 UTC,146,21,31,
2019-01-23 17:06:11 UTC,147,21,28,
2019-01-23 17:06:32 UTC,148,21,30,
2019-01-23 17:06:53 UTC,149,21,31,
2019-01-23 17:07:14 UTC,150,21,30,
2019-01-23 17:07:35 UTC,151,21,30,
2019-01-23 17:07:56 UTC,152,21,30,
2019-01-23 17:08:17 UTC,153,21,31,
2019-01-23 17:08:38 UTC,154,21,30,
2019-01-23 17:09:00 UTC,155,21,30,
2019-01-23 17:09:21 UTC,156,21,29,
2019-01-23 17:09:42 UTC,157,21,30,
2019-01-23 17:10:03 UTC,158,21,30,
2019-01-23 17:10:24 UTC,159,21,29,
2019-01-23 17:10:45 UTC,160,21,30,
2019-01-23 17:11:06 UTC,161,21,31,
2019-01-23 17:13:43 UTC,162,,,
2019-01-23 17:14:00 UTC,163,,,
2019-01-23 17:14:22 UTC,164,,,
2019-01-23 17:14:44 UTC,165,,,
2019-01-23 17:15:06 UTC,166,,,
2019-01-23 17:15:28 UTC,167,,,
2019-01-23 17:15:50 UTC,168,,,
2019-01-23 17:16:12 UTC,169,,,
2019-01-23 17:16:35 UTC,170,,,
2019-01-23 17:16:55 UTC,171,,,
2019-01-23 17:17:56 UTC,172,,,
2019-01-23 17:18:18 UTC,173,,,
2019-01-23 17:18:40 UTC,174,,,
2019-01-23 17:19:02 UTC,175,,,
2019-01-23 17:19:24 UTC,176,,,
2019-01-23 17:19:46 UTC,177,,,
2019-01-23 17:20:09 UTC,178,,,
2019-01-23 17:20:31 UTC,179,,,
2019-01-23 17:20:48 UTC,180,,,
2019-01-23 17:21:05 UTC,181,,,
2019-01-23 17:21:26 UTC,182,,,
2019-01-23 17:21:47 UTC,183,,,
2019-01-23 17:22:08 UTC,184,,,
2019-01-23 17:22:29 UTC,185,,,
2019-01-23 17:22:50 UTC,186,,,
2019-01-23 17:23:11 UTC,187,,,
2019-01-23 17:23:32 UTC,188,,,
2019-01-23 17:23:53 UTC,189,,,
2019-01-23 17:24:14 UTC,190,,,
2019-01-23 17:24:35 UTC,191,,,
2019-01-23 17:24:57 UTC,192,,,
2019-01-23 17:25:45 UTC,193,21,30,3
2019-01-23 17:26:05 UTC,194,,,
2019-01-23 17:26:20 UTC,195,,,
2019-01-23 17:26:42 UTC,196,,,
2019-01-23 17:27:03 UTC,197,,,
2019-01-23 17:27:24 UTC,198,,,
2019-01-23 17:27:45 UTC,199,,,
2019-01-23 17:28:06 UTC,200,,,
2019-01-23 17:28:27 UTC,201,,,
2019-01-23 17:28:48 UTC,202,,,
2019-01-23 17:29:09 UTC,203,,,
2019-01-23 17:29:30 UTC,204,,,
2019-01-23 17:29:53 UTC,205,,,
2019-01-23 17:30:14 UTC,206,,,
2019-01-23 17:30:35 UTC,207,,,
2019-01-23 17:30:56 UTC,208,,,
2019-01-23 17:31:17 UTC,209,,,
2019-01-23 17:31:38 UTC,210,,,
2019-01-23 17:32:38 UTC,211,,,
2019-01-23 17:32:59 UTC,212,,,
2019-01-23 17:33:20 UTC,213,,,
2019-01-23 17:34:24 UTC,214,21,31,1
2019-01-23 17:34:45 UTC,215,21,31,4
2019-01-23 17:35:06 UTC,216,,,
2019-01-23 17:35:27 UTC,217,,,
2019-01-23 17:35:48 UTC,218,,,
2019-01-23 17:36:06 UTC,219,,,
2019-01-23 17:36:37 UTC,220,,,
2019-01-23 17:37:07 UTC,221,,,
2019-01-23 17:37:38 UTC,222,,,
2019-01-23 17:38:09 UTC,223,,,
2019-01-24 20:43:06 UTC,224,20,28,2
2019-01-24 20:43:37 UTC,225,,,
2019-01-24 20:44:10 UTC,226,,,
2019-01-24 20:44:40 UTC,227,,,
2019-01-24 20:45:11 UTC,228,,,
2019-01-24 20:46:14 UTC,229,,,
2019-01-24 20:46:45 UTC,230,,,
2019-01-24 20:47:15 UTC,231,,,
2019-01-24 20:47:46 UTC,232,,,
2019-01-24 20:48:17 UTC,233,,,
2019-01-24 20:48:47 UTC,234,,,
2019-01-24 20:49:18 UTC,235,,,
2019-01-24 20:49:48 UTC,236,,,
2019-01-24 20:50:07 UTC,237,,,
2019-01-24 20:50:45 UTC,238,,,
2019-01-24 20:51:16 UTC,239,,,
2019-01-24 20:51:47 UTC,240,,,
2019-01-24 20:52:18 UTC,241,,,
2019-01-24 20:52:49 UTC,242,,,
2019-01-24 20:54:54 UTC,243,,,
2019-01-24 20:55:31 UTC,244,,,
2019-01-24 20:56:02 UTC,245,,,
2019-01-24 20:56:33 UTC,246,,,
2019-01-24 20:57:04 UTC,247,,,
2019-01-24 20:57:35 UTC,248,,,
2019-01-24 20:58:40 UTC,249,0,25,
2019-01-24 21:00:23 UTC,250,,,
2019-01-24 21:00:55 UTC,251,,,
2019-01-24 21:01:26 UTC,252,,,
2019-01-24 21:01:57 UTC,253,,,
2019-01-24 21:02:28 UTC,254,,,
2019-01-24 21:02:59 UTC,255,,,
2019-01-24 21:03:30 UTC,256,,,
2019-01-24 21:05:09 UTC,257,,,
2019-01-24 21:05:40 UTC,258,,,
2019-01-24 21:06:11 UTC,259,,,
2019-01-24 21:06:42 UTC,260,,,
2019-01-24 21:08:10 UTC,261,,,
2019-01-24 21:08:41 UTC,262,,,
2019-01-24 21:11:54 UTC,263,,,
2019-01-24 21:12:11 UTC,264,,,
2019-01-24 21:15:26 UTC,265,,,
2019-01-24 21:16:11 UTC,266,,,
2019-01-24 21:26:42 UTC,267,,,
2019-01-24 21:27:38 UTC,268,,,
2019-01-24 21:28:23 UTC,269,,,
2019-02-01 19:28:59 UTC,270,,,
2019-02-01 19:29:20 UTC,271,,,
2019-02-01 19:29:35 UTC,272,,,
2019-02-01 19:29:51 UTC,273,,,
2019-02-01 19:30:07 UTC,274,,,
2019-02-01 19:30:22 UTC,275,,,
2019-02-01 19:30:38 UTC,276,,,
2019-02-01 19:31:02 UTC,277,,,
2019-02-01 19:31:18 UTC,278,,,
2019-02-01 19:31:33 UTC,279,,,
2019-02-01 19:31:49 UTC,280,,,
2019-02-01 19:32:05 UTC,281,,,
2019-02-01 19:32:20 UTC,282,,,
2019-02-01 19:32:36 UTC,283,,,
2019-02-01 19:33:46 UTC,284,,,
2019-02-01 19:34:02 UTC,285,,,
2019-02-01 19:34:18 UTC,286,,,
2019-02-01 19:56:41 UTC,287,,,
2019-02-01 19:57:34 UTC,288,21.0,27.0,174
2019-02-01 19:58:00 UTC,289,22.0,27.0,253
2019-02-01 19:58:16 UTC,290,21.0,32.0,88
2019-02-01 19:58:32 UTC,291,21.0,32.0,88
2019-02-01 19:58:48 UTC,292,21.0,32.0,88
2019-02-01 19:59:04 UTC,293,21.0,32.0,88
2019-02-01 19:59:19 UTC,294,21.0,32.0,88
2019-02-01 19:59:35 UTC,295,21.0,32.0,88
2019-02-01 19:59:51 UTC,296,21.0,32.0,88
2019-02-01 20:00:07 UTC,297,25.0,29.0,90
2019-02-01 20:00:23 UTC,298,22.0,31.0,12
2019-02-01 20:00:38 UTC,299,22.0,32.0,11
2019-02-01 20:00:57 UTC,300,22.0,40.0,200
2019-02-01 20:01:13 UTC,301,22.0,20.0,19
2019-02-01 20:07:26 UTC,302,21.0,28.0,131
2019-02-01 20:07:44 UTC,303,20.0,28.0,178
2019-02-01 20:08:00 UTC,304,21.0,27.0,174
2019-02-01 20:08:16 UTC,305,20.0,33.0,221
2019-02-01 20:08:32 UTC,306,21.0,32.0,88
2019-02-01 20:12:18 UTC,307,21.0,31.0,95
2019-02-01 20:12:33 UTC,308,22.0,30.0,184
2019-02-01 20:13:27 UTC,309,21.0,32.0,88
2019-02-01 20:13:48 UTC,310,21.0,30.0,235
2019-02-01 20:14:09 UTC,311,21.0,32.0,88
2019-02-01 20:14:31 UTC,312,21.0,32.0,88
2019-02-01 20:14:52 UTC,313,21.0,32.0,88
2019-02-01 20:15:14 UTC,314,22.0,32.0,11
2019-02-01 20:15:36 UTC,315,21.0,32.0,88
2019-02-01 20:15:57 UTC,316,21.0,31.0,95
2019-02-01 20:16:19 UTC,317,21.0,31.0,95
2019-02-01 20:16:40 UTC,318,21.0,31.0,95
2019-02-01 20:17:02 UTC,319,21.0,32.0,88
2019-02-01 20:17:26 UTC,320,21.0,32.0,88
2019-02-01 20:17:48 UTC,321,21.0,31.0,95
2019-02-01 20:18:09 UTC,322,21.0,31.0,95
2019-02-01 20:18:33 UTC,323,21.0,31.0,95
2019-02-01 20:18:55 UTC,324,21.0,32.0,88
2019-02-01 20:19:16 UTC,325,21.0,33.0,236
2019-02-01 20:19:38 UTC,326,21.0,32.0,88
2019-02-01 20:19:59 UTC,327,21.0,32.0,88
2019-02-01 20:20:21 UTC,328,21.0,32.0,88
2019-02-01 20:20:43 UTC,329,21.0,32.0,88
2019-02-01 20:21:04 UTC,330,21.0,32.0,88
2019-02-01 20:21:26 UTC,331,21.0,32.0,88
2019-02-01 20:21:47 UTC,332,21.0,33.0,236
2019-02-01 20:22:09 UTC,333,21.0,33.0,236
2019-02-01 20:22:30 UTC,334,21.0,33.0,236
2019-02-01 20:22:52 UTC,335,21.0,33.0,236
2019-02-01 20:23:14 UTC,336,21.0,33.0,236
2019-02-01 20:23:35 UTC,337,21.0,34.0,48
2019-02-01 20:23:57 UTC,338,21.0,33.0,236
2019-02-01 20:24:18 UTC,339,21.0,32.0,88
2019-02-01 20:24:40 UTC,340,21.0,32.0,88
2019-02-01 20:25:02 UTC,341,21.0,33.0,236
2019-02-01 20:25:23 UTC,342,21.0,33.0,236
2019-02-01 20:25:45 UTC,343,21.0,34.0,48
2019-02-01 20:26:07 UTC,344,21.0,32.0,88
2019-02-01 20:26:28 UTC,345,21.0,32.0,88
2019-02-01 20:26:50 UTC,346,21.0,33.0,236
2019-02-01 20:27:11 UTC,347,21.0,34.0,48
2019-02-01 20:27:33 UTC,348,21.0,33.0,236
2019-02-01 20:27:55 UTC,349,21.0,34.0,48
2019-02-01 20:28:16 UTC,350,21.0,34.0,48
2019-02-01 20:28:38 UTC,351,21.0,34.0,48
2019-02-01 20:29:00 UTC,352,21.0,35.0,132
2019-02-01 20:29:21 UTC,353,21.0,34.0,48
2019-02-01 20:29:43 UTC,354,21.0,34.0,48
2019-02-01 20:30:04 UTC,355,21.0,35.0,132
2019-02-01 20:30:26 UTC,356,21.0,34.0,48
2019-02-01 20:30:48 UTC,357,21.0,34.0,48
2019-02-01 20:31:09 UTC,358,21.0,33.0,236
2019-02-01 20:31:31 UTC,359,21.0,34.0,48
2019-02-01 20:31:52 UTC,360,21.0,34.0,48
2019-02-01 20:32:14 UTC,361,21.0,33.0,236
2019-02-01 20:32:36 UTC,362,21.0,32.0,88
2019-02-01 20:32:57 UTC,363,21.0,32.0,88
2019-02-01 20:33:19 UTC,364,21.0,34.0,48
2019-02-01 20:33:40 UTC,365,21.0,33.0,236
2019-02-01 20:34:02 UTC,366,21.0,34.0,48
2019-02-01 20:34:24 UTC,367,21.0,34.0,48
2019-02-01 20:34:46 UTC,368,21.0,32.0,88
2019-02-01 20:35:07 UTC,369,21.0,32.0,88
2019-02-01 20:35:29 UTC,370,21.0,33.0,236
2019-02-01 20:35:50 UTC,371,21.0,34.0,48
2019-02-01 20:36:12 UTC,372,21.0,34.0,48
2019-02-01 20:36:33 UTC,373,21.0,34.0,48
2019-02-01 20:36:55 UTC,374,21.0,34.0,48
2019-02-01 20:37:17 UTC,375,21.0,31.0,95
2019-02-01 20:37:38 UTC,376,21.0,32.0,88
2019-02-01 20:38:00 UTC,377,21.0,33.0,236
2019-02-01 20:38:22 UTC,378,21.0,31.0,95
2019-02-01 20:38:43 UTC,379,21.0,31.0,95
2019-02-01 20:39:05 UTC,380,21.0,33.0,236
2019-02-01 20:39:26 UTC,381,21.0,32.0,88
2019-02-01 20:39:48 UTC,382,21.0,31.0,95
2019-02-01 20:40:10 UTC,383,21.0,31.0,95
2019-02-01 20:40:31 UTC,384,21.0,31.0,95
2019-02-01 20:40:53 UTC,385,21.0,31.0,95
2019-02-01 20:41:15 UTC,386,21.0,31.0,95
2019-02-01 20:41:36 UTC,387,21.0,32.0,88
2019-02-01 20:41:58 UTC,388,21.0,31.0,95
2019-02-01 20:42:19 UTC,389,21.0,31.0,95
2019-02-01 20:42:41 UTC,390,21.0,31.0,95
2019-02-01 20:43:03 UTC,391,21.0,31.0,95
2019-02-01 20:43:24 UTC,392,21.0,31.0,95
2019-02-01 20:43:46 UTC,393,21.0,31.0,95
2019-02-01 20:44:07 UTC,394,21.0,31.0,95
2019-02-01 20:44:29 UTC,395,21.0,31.0,95
2019-02-01 20:44:51 UTC,396,21.0,32.0,88
2019-02-01 20:45:12 UTC,397,21.0,31.0,95
2019-02-01 20:45:34 UTC,398,21.0,31.0,95
2019-02-01 20:45:56 UTC,399,21.0,31.0,95
2019-02-01 20:46:17 UTC,400,21.0,31.0,95
2019-02-01 20:46:39 UTC,401,21.0,31.0,95
2019-02-01 20:47:00 UTC,402,21.0,31.0,95
2019-02-01 20:47:22 UTC,403,21.0,31.0,95
2019-02-01 20:47:44 UTC,404,21.0,31.0,95
2019-02-01 20:48:05 UTC,405,21.0,31.0,95
2019-02-01 20:48:27 UTC,406,21.0,31.0,95
2019-02-01 20:48:48 UTC,407,21.0,31.0,95
2019-02-01 20:49:10 UTC,408,21.0,31.0,95
2019-02-01 20:49:32 UTC,409,21.0,31.0,95
2019-02-01 20:49:53 UTC,410,21.0,31.0,95
2019-02-01 20:50:15 UTC,411,21.0,31.0,95
2019-02-01 20:50:37 UTC,412,21.0,31.0,95
2019-02-01 20:50:58 UTC,413,21.0,31.0,95
2019-02-01 20:51:20 UTC,414,21.0,31.0,95
2019-02-01 20:51:41 UTC,415,21.0,31.0,95
2019-02-01 20:52:03 UTC,416,21.0,31.0,95
2019-02-01 20:52:25 UTC,417,21.0,31.0,95
2019-02-01 20:52:46 UTC,418,21.0,31.0,95
2019-02-01 20:53:08 UTC,419,21.0,31.0,95
2019-02-01 20:53:30 UTC,420,21.0,31.0,95
2019-02-01 20:53:51 UTC,421,21.0,31.0,95
2019-02-01 20:54:13 UTC,422,21.0,31.0,95
2019-02-01 20:54:34 UTC,423,21.0,31.0,95
2019-02-01 20:54:56 UTC,424,21.0,31.0,95
2019-02-01 20:55:18 UTC,425,21.0,31.0,95
2019-02-01 20:55:39 UTC,426,21.0,31.0,95
2019-02-01 20:56:01 UTC,427,21.0,31.0,95
2019-02-01 20:56:22 UTC,428,21.0,31.0,95
2019-02-01 20:56:44 UTC,429,21.0,31.0,95
2019-02-01 20:57:06 UTC,430,21.0,31.0,95
2019-02-01 20:57:27 UTC,431,21.0,31.0,95
2019-02-01 20:57:49 UTC,432,21.0,31.0,95
2019-02-01 20:58:11 UTC,433,21.0,31.0,95
2019-02-01 20:58:32 UTC,434,21.0,31.0,95
2019-02-01 20:58:54 UTC,435,21.0,31.0,95
2019-02-01 20:59:15 UTC,436,21.0,31.0,95
2019-02-01 20:59:37 UTC,437,21.0,31.0,95
2019-02-01 20:59:59 UTC,438,21.0,31.0,95
2019-02-01 21:00:20 UTC,439,21.0,31.0,95
2019-02-01 21:00:42 UTC,440,21.0,31.0,95
2019-02-01 21:01:03 UTC,441,21.0,31.0,95
2019-02-01 21:01:25 UTC,442,21.0,31.0,95
2019-02-01 21:01:47 UTC,443,21.0,31.0,95
2019-02-01 21:02:08 UTC,444,21.0,31.0,95
2019-02-01 21:02:30 UTC,445,21.0,31.0,95
2019-02-01 21:02:52 UTC,446,21.0,31.0,95
2019-02-01 21:03:13 UTC,447,21.0,31.0,95
2019-02-01 21:03:35 UTC,448,21.0,31.0,95
2019-02-01 21:03:56 UTC,449,21.0,31.0,95
2019-02-01 21:04:18 UTC,450,21.0,31.0,95
2019-02-01 21:04:40 UTC,451,21.0,31.0,95
2019-02-01 21:05:01 UTC,452,21.0,31.0,95
2019-02-01 21:05:23 UTC,453,21.0,31.0,95
2019-02-01 21:05:44 UTC,454,21.0,31.0,95
2019-02-01 21:06:06 UTC,455,21.0,31.0,95
2019-02-01 21:06:28 UTC,456,21.0,31.0,95
2019-02-01 21:06:49 UTC,457,21.0,31.0,95
2019-02-01 21:07:11 UTC,458,21.0,31.0,95
2019-02-01 21:07:33 UTC,459,21.0,31.0,95
2019-02-01 21:07:54 UTC,460,21.0,31.0,95
2019-02-01 21:08:16 UTC,461,21.0,31.0,95
2019-02-01 21:08:38 UTC,462,21.0,31.0,95
2019-02-01 21:08:59 UTC,463,21.0,31.0,95
2019-02-01 21:09:21 UTC,464,21.0,31.0,95
2019-02-01 21:09:42 UTC,465,21.0,31.0,95
2019-02-01 21:10:04 UTC,466,21.0,31.0,95
2019-02-01 21:10:26 UTC,467,21.0,31.0,95
2019-02-01 21:10:47 UTC,468,21.0,31.0,95
2019-02-01 21:11:09 UTC,469,21.0,31.0,95
2019-02-01 21:11:30 UTC,470,21.0,31.0,95
2019-02-01 21:11:52 UTC,471,21.0,32.0,88
2019-02-01 21:12:14 UTC,472,21.0,31.0,95
2019-02-01 21:12:35 UTC,473,21.0,32.0,88
2019-02-01 21:12:57 UTC,474,21.0,31.0,95
2019-02-01 21:13:18 UTC,475,21.0,32.0,88
2019-02-01 21:13:40 UTC,476,21.0,32.0,88
2019-02-01 21:14:02 UTC,477,21.0,34.0,48
2019-02-01 21:14:23 UTC,478,21.0,33.0,236
2019-02-01 21:14:45 UTC,479,21.0,33.0,236
2019-02-01 21:15:07 UTC,480,21.0,33.0,236
2019-02-01 21:15:28 UTC,481,21.0,33.0,236
2019-02-01 21:15:50 UTC,482,21.0,34.0,48
2019-02-01 21:16:11 UTC,483,21.0,33.0,236
2019-02-01 21:16:33 UTC,484,21.0,32.0,88
2019-02-01 21:16:55 UTC,485,21.0,32.0,88
2019-02-01 21:17:16 UTC,486,21.0,31.0,95
2019-02-01 21:17:38 UTC,487,21.0,31.0,95
2019-02-01 21:17:59 UTC,488,21.0,32.0,88
2019-02-01 21:18:21 UTC,489,21.0,32.0,88
2019-02-01 21:18:45 UTC,490,21.0,32.0,88
2019-02-01 21:19:07 UTC,491,21.0,33.0,236
2019-02-01 21:19:28 UTC,492,21.0,34.0,48
2019-02-01 21:19:52 UTC,493,21.0,34.0,48
2019-02-01 21:20:14 UTC,494,21.0,34.0,48
2019-02-01 21:20:35 UTC,495,21.0,34.0,48
2019-02-01 21:20:57 UTC,496,21.0,35.0,132
2019-02-01 21:21:19 UTC,497,21.0,35.0,132
2019-02-01 21:21:40 UTC,498,21.0,36.0,169
2019-02-01 21:22:02 UTC,499,21.0,35.0,132
2019-02-01 21:22:24 UTC,500,21.0,34.0,48
2019-02-01 21:22:45 UTC,501,21.0,34.0,48
2019-02-01 21:23:07 UTC,502,21.0,34.0,48
2019-02-01 21:23:28 UTC,503,21.0,35.0,132
2019-02-01 21:23:50 UTC,504,21.0,35.0,132
2019-02-01 21:24:12 UTC,505,21.0,35.0,132
2019-02-01 21:24:33 UTC,506,21.0,35.0,132
2019-02-01 21:24:55 UTC,507,21.0,36.0,169
2019-02-01 21:25:17 UTC,508,21.0,36.0,169
2019-02-01 21:25:38 UTC,509,21.0,36.0,169
2019-02-01 21:26:00 UTC,510,21.0,36.0,169
2019-02-01 21:26:21 UTC,511,21.0,36.0,169
2019-02-01 21:26:43 UTC,512,21.0,36.0,169
2019-02-01 21:27:05 UTC,513,21.0,35.0,132
2019-02-01 21:27:26 UTC,514,21.0,36.0,169
2019-02-01 21:27:48 UTC,515,21.0,36.0,169
2019-02-01 21:28:09 UTC,516,21.0,37.0,29
2019-02-01 21:28:31 UTC,517,21.0,36.0,169
2019-02-01 21:28:53 UTC,518,21.0,36.0,169
2019-02-01 21:29:14 UTC,519,21.0,36.0,169
2019-02-01 21:29:36 UTC,520,21.0,36.0,169
2019-02-01 21:29:57 UTC,521,21.0,36.0,169
2019-02-01 21:30:19 UTC,522,21.0,36.0,169
2019-02-01 21:30:41 UTC,523,21.0,36.0,169
2019-02-01 21:31:03 UTC,524,21.0,37.0,29
2019-02-01 21:31:24 UTC,525,21.0,36.0,169
2019-02-01 21:31:46 UTC,526,21.0,36.0,169
2019-02-01 21:32:07 UTC,527,21.0,37.0,29
2019-02-01 21:32:29 UTC,528,21.0,37.0,29
2019-02-01 21:32:50 UTC,529,21.0,37.0,29
2019-02-01 21:33:12 UTC,530,21.0,37.0,29
2019-02-01 21:33:34 UTC,531,21.0,36.0,169
2019-02-01 21:33:55 UTC,532,21.0,36.0,169
2019-02-01 21:34:17 UTC,533,21.0,37.0,29
2019-02-01 21:34:39 UTC,534,21.0,36.0,169
2019-02-01 21:35:00 UTC,535,21.0,36.0,169
2019-02-01 21:35:22 UTC,536,21.0,37.0,29
2019-02-01 21:35:43 UTC,537,21.0,36.0,169
2019-02-01 21:36:05 UTC,538,21.0,36.0,169
2019-02-01 21:36:27 UTC,539,21.0,36.0,169
2019-02-01 21:36:48 UTC,540,21.0,36.0,169
2019-02-01 21:37:10 UTC,541,21.0,36.0,169
2019-02-01 21:37:32 UTC,542,21.0,37.0,29
2019-02-01 21:37:53 UTC,543,21.0,36.0,169
2019-02-01 21:38:15 UTC,544,21.0,37.0,29
2019-02-01 21:38:36 UTC,545,21.0,37.0,29
2019-02-01 21:38:58 UTC,546,21.0,37.0,29
2019-02-01 21:39:20 UTC,547,21.0,37.0,29
2019-02-01 21:39:41 UTC,548,21.0,36.0,169
2019-02-01 21:40:03 UTC,549,21.0,37.0,29
2019-02-01 21:40:25 UTC,550,21.0,37.0,29
2019-02-01 21:40:46 UTC,551,21.0,37.0,29
2019-02-01 21:41:08 UTC,552,21.0,37.0,29
2019-02-01 21:41:29 UTC,553,21.0,37.0,29
2019-02-01 21:41:51 UTC,554,21.0,36.0,169
2019-02-01 21:42:13 UTC,555,21.0,36.0,169
2019-02-01 21:42:34 UTC,556,21.0,36.0,169
2019-02-01 21:42:56 UTC,557,21.0,35.0,132
2019-02-01 21:43:17 UTC,558,21.0,36.0,169
2019-02-01 21:43:39 UTC,559,21.0,36.0,169
2019-02-01 21:44:01 UTC,560,21.0,36.0,169
2019-02-01 21:44:22 UTC,561,21.0,36.0,169
2019-02-01 21:44:44 UTC,562,21.0,37.0,29
2019-02-01 21:45:05 UTC,563,21.0,37.0,29
2019-02-01 21:45:27 UTC,564,21.0,36.0,169
2019-02-01 21:45:49 UTC,565,21.0,36.0,169
2019-02-01 21:46:10 UTC,566,21.0,37.0,29
2019-02-01 21:46:32 UTC,567,21.0,36.0,169
2019-02-01 21:46:54 UTC,568,21.0,36.0,169
2019-02-01 21:47:15 UTC,569,21.0,37.0,29
2019-02-01 21:47:37 UTC,570,21.0,37.0,29
2019-02-01 21:47:58 UTC,571,21.0,36.0,169
2019-02-01 21:48:20 UTC,572,21.0,37.0,29
2019-02-01 21:48:42 UTC,573,21.0,37.0,29
2019-02-01 21:49:03 UTC,574,21.0,36.0,169
2019-02-01 21:49:25 UTC,575,21.0,36.0,169
2019-02-01 21:49:46 UTC,576,21.0,36.0,169
2019-02-01 21:50:08 UTC,577,21.0,36.0,169
2019-02-01 21:50:30 UTC,578,21.0,36.0,169
2019-02-01 21:50:51 UTC,579,21.0,36.0,169
2019-02-01 21:51:13 UTC,580,21.0,36.0,169
2019-02-01 21:51:35 UTC,581,21.0,36.0,169
2019-02-01 21:51:56 UTC,582,21.0,36.0,169
2019-02-01 21:52:18 UTC,583,21.0,36.0,169
2019-02-01 21:52:39 UTC,584,21.0,36.0,169
2019-02-01 21:53:01 UTC,585,21.0,36.0,169
2019-02-01 21:53:23 UTC,586,21.0,36.0,169
2019-02-01 21:53:45 UTC,587,21.0,36.0,169
2019-02-01 21:54:06 UTC,588,21.0,36.0,169
2019-02-01 21:54:28 UTC,589,21.0,35.0,132
2019-02-01 21:54:49 UTC,590,21.0,36.0,169
2019-02-01 21:55:11 UTC,591,21.0,36.0,169
2019-02-01 21:55:32 UTC,592,21.0,36.0,169
2019-02-01 21:55:54 UTC,593,21.0,36.0,169
2019-02-01 21:56:16 UTC,594,21.0,35.0,132
2019-02-01 21:56:37 UTC,595,21.0,35.0,132
2019-02-01 21:56:59 UTC,596,21.0,35.0,132
2019-02-01 21:57:22 UTC,597,21.0,35.0,132
2019-02-01 21:57:44 UTC,598,21.0,35.0,132
2019-02-01 21:58:04 UTC,599,21.0,35.0,132
2019-02-01 21:58:26 UTC,600,21.0,35.0,132
2019-02-01 21:58:48 UTC,601,21.0,35.0,132
2019-02-01 21:59:12 UTC,602,21.0,35.0,132
2019-02-01 21:59:33 UTC,603,21.0,35.0,132
2019-02-01 21:59:55 UTC,604,21.0,35.0,132
2019-02-01 22:00:17 UTC,605,21.0,35.0,132
2019-02-01 22:00:38 UTC,606,21.0,35.0,132
2019-02-01 22:01:00 UTC,607,21.0,36.0,169
2019-02-01 22:01:22 UTC,608,21.0,36.0,169
2019-02-01 22:01:43 UTC,609,21.0,35.0,132
2019-02-01 22:02:05 UTC,610,21.0,34.0,48
2019-02-01 22:02:26 UTC,611,21.0,33.0,236
2019-02-01 22:02:48 UTC,612,21.0,34.0,48
2019-02-01 22:03:10 UTC,613,21.0,34.0,48
2019-02-01 22:03:31 UTC,614,21.0,34.0,48
2019-02-01 22:03:53 UTC,615,21.0,34.0,48
2019-02-01 22:04:14 UTC,616,21.0,35.0,132
2019-02-01 22:04:36 UTC,617,21.0,35.0,132
2019-02-01 22:04:58 UTC,618,21.0,35.0,132
2019-02-01 22:05:19 UTC,619,21.0,34.0,48
2019-02-01 22:05:41 UTC,620,21.0,35.0,132
2019-02-01 22:06:03 UTC,621,21.0,34.0,48
2019-02-01 22:06:24 UTC,622,21.0,34.0,48
2019-02-01 22:06:46 UTC,623,21.0,34.0,48
2019-02-01 22:07:07 UTC,624,21.0,35.0,132
2019-02-01 22:07:29 UTC,625,21.0,34.0,48
2019-02-01 22:07:51 UTC,626,21.0,34.0,48
2019-02-01 22:08:12 UTC,627,21.0,34.0,48
2019-02-01 22:08:34 UTC,628,21.0,34.0,48
2019-02-01 22:08:55 UTC,629,21.0,34.0,48
2019-02-01 22:09:17 UTC,630,21.0,34.0,48
2019-02-01 22:09:39 UTC,631,21.0,34.0,48
2019-02-01 22:10:00 UTC,632,21.0,34.0,48
2019-02-01 22:10:22 UTC,633,21.0,34.0,48
2019-02-01 22:10:43 UTC,634,21.0,34.0,48
2019-02-01 22:11:05 UTC,635,21.0,34.0,48
2019-02-01 22:11:27 UTC,636,21.0,34.0,48
2019-02-01 22:11:48 UTC,637,21.0,34.0,48
2019-02-01 22:12:10 UTC,638,21.0,35.0,132
2019-02-01 22:12:32 UTC,639,21.0,34.0,48
2019-02-01 22:12:53 UTC,640,21.0,35.0,132
2019-02-01 22:13:15 UTC,641,21.0,35.0,132
2019-02-01 22:13:36 UTC,642,21.0,34.0,48
2019-02-01 22:13:58 UTC,643,21.0,35.0,132
2019-02-01 22:14:20 UTC,644,21.0,33.0,236
2019-02-01 22:14:41 UTC,645,21.0,34.0,48
2019-02-01 22:15:03 UTC,646,21.0,34.0,48
2019-02-01 22:15:25 UTC,647,21.0,34.0,48
2019-02-01 22:15:46 UTC,648,21.0,34.0,48
2019-02-01 22:16:08 UTC,649,21.0,34.0,48
2019-02-01 22:16:29 UTC,650,21.0,34.0,48
2019-02-01 22:16:51 UTC,651,21.0,34.0,48
2019-02-01 22:17:13 UTC,652,21.0,34.0,48
2019-02-01 22:17:34 UTC,653,21.0,34.0,48
2019-02-01 22:17:56 UTC,654,21.0,34.0,48
2019-02-01 22:18:17 UTC,655,21.0,35.0,132
2019-02-01 22:18:39 UTC,656,21.0,34.0,48
2019-02-01 22:19:01 UTC,657,21.0,35.0,132
2019-02-01 22:19:22 UTC,658,21.0,35.0,132
2019-02-01 22:19:44 UTC,659,21.0,35.0,132
2019-02-01 22:20:06 UTC,660,21.0,35.0,132
2019-02-01 22:20:27 UTC,661,21.0,35.0,132
2019-02-01 22:20:49 UTC,662,21.0,35.0,132
2019-02-01 22:21:10 UTC,663,21.0,34.0,48
2019-02-01 22:21:32 UTC,664,21.0,35.0,132
2019-02-01 22:21:54 UTC,665,21.0,35.0,132
2019-02-01 22:22:15 UTC,666,21.0,35.0,132
2019-02-01 22:22:37 UTC,667,21.0,34.0,48
2019-02-01 22:22:58 UTC,668,21.0,35.0,132
2019-02-01 22:23:20 UTC,669,21.0,34.0,48
2019-02-01 22:23:42 UTC,670,21.0,34.0,48
2019-02-01 22:24:03 UTC,671,21.0,34.0,48
2019-02-01 22:24:25 UTC,672,21.0,35.0,132
2019-02-01 22:24:46 UTC,673,21.0,35.0,132
2019-02-01 22:25:08 UTC,674,21.0,34.0,48
2019-02-01 22:25:30 UTC,675,21.0,34.0,48
2019-02-01 22:25:51 UTC,676,21.0,34.0,48
2019-02-01 22:26:13 UTC,677,21.0,34.0,48
2019-02-01 22:26:34 UTC,678,21.0,35.0,132
2019-02-01 22:26:56 UTC,679,21.0,34.0,48
2019-02-01 22:27:20 UTC,680,21.0,32.0,88
2019-02-01 22:27:41 UTC,681,21.0,33.0,236
2019-02-01 22:28:03 UTC,682,21.0,34.0,48
2019-02-01 22:28:25 UTC,683,21.0,31.0,95
2019-02-01 22:28:46 UTC,684,21.0,32.0,88
2019-02-01 22:29:08 UTC,685,21.0,32.0,88
2019-02-01 22:29:29 UTC,686,21.0,32.0,88
2019-02-01 22:29:51 UTC,687,21.0,32.0,88
2019-02-01 22:30:13 UTC,688,21.0,31.0,95
2019-02-01 22:30:34 UTC,689,21.0,31.0,95
2019-02-01 22:30:56 UTC,690,21.0,32.0,88
2019-02-01 22:31:17 UTC,691,21.0,32.0,88
2019-02-01 22:31:39 UTC,692,21.0,31.0,95
2019-02-01 22:32:01 UTC,693,21.0,31.0,95
2019-02-01 22:32:22 UTC,694,21.0,34.0,48
2019-02-01 22:32:44 UTC,695,22.0,38.0,146
2019-02-01 22:33:06 UTC,696,22.0,42.0,160
2019-02-01 22:33:27 UTC,697,21.0,33.0,236
2019-02-01 22:33:49 UTC,698,21.0,39.0,117
2019-02-01 22:34:10 UTC,699,21.0,41.0,47
2019-02-01 22:34:32 UTC,700,17.0,37.0,217
2019-02-01 22:34:53 UTC,701,16.0,28.0,118
2019-02-01 22:35:15 UTC,702,21.0,42.0,243
2019-02-01 22:35:37 UTC,703,21.0,37.0,29
2019-02-01 22:35:58 UTC,704,21.0,42.0,243
2019-02-01 22:36:20 UTC,705,21.0,42.0,243
2019-02-01 22:36:41 UTC,706,20.0,44.0,91
2019-02-01 22:37:03 UTC,707,20.0,45.0,239
2019-02-01 22:37:25 UTC,708,20.0,45.0,239
2019-02-01 22:37:46 UTC,709,20.0,46.0,51
2019-02-01 22:38:08 UTC,710,20.0,45.0,239
2019-02-01 22:38:29 UTC,711,20.0,35.0,181
2019-02-01 22:38:51 UTC,712,20.0,34.0,1
2019-02-01 22:39:12 UTC,713,20.0,32.0,105
2019-02-01 22:39:34 UTC,714,20.0,33.0,221
2019-02-01 22:39:56 UTC,715,20.0,32.0,105
2019-02-01 22:40:19 UTC,716,20.0,33.0,221
2019-02-01 22:40:41 UTC,717,20.0,32.0,105
2019-02-01 22:41:03 UTC,718,20.0,33.0,221
2019-02-01 22:41:24 UTC,719,20.0,33.0,221
2019-02-01 22:41:46 UTC,720,20.0,32.0,105
2019-02-01 22:42:08 UTC,721,21.0,32.0,88
2019-02-01 22:42:29 UTC,722,20.0,33.0,221
2019-02-01 22:42:50 UTC,723,21.0,32.0,88
2019-02-01 22:43:12 UTC,724,20.0,32.0,105
2019-02-01 22:43:33 UTC,725,20.0,32.0,105
2019-02-01 22:43:55 UTC,726,20.0,32.0,105
2019-02-01 22:44:17 UTC,727,20.0,32.0,105
2019-02-01 22:44:38 UTC,728,20.0,32.0,105
2019-02-01 22:45:00 UTC,729,20.0,32.0,105
2019-02-01 22:45:21 UTC,730,21.0,31.0,95
2019-02-01 22:45:43 UTC,731,21.0,32.0,88
2019-02-01 22:46:04 UTC,732,21.0,32.0,88
2019-02-01 22:46:26 UTC,733,20.0,33.0,221
2019-02-01 22:46:47 UTC,734,21.0,31.0,95
2019-02-01 22:47:09 UTC,735,21.0,31.0,95
2019-02-01 22:47:31 UTC,736,20.0,32.0,105
2019-02-01 22:47:52 UTC,737,21.0,31.0,95
2019-02-01 22:48:14 UTC,738,21.0,32.0,88
2019-02-01 22:48:35 UTC,739,20.0,32.0,105
2019-02-01 22:48:57 UTC,740,21.0,31.0,95
2019-02-01 22:49:18 UTC,741,20.0,32.0,105
2019-02-01 22:49:40 UTC,742,21.0,31.0,95
2019-02-01 22:50:01 UTC,743,20.0,32.0,105
2019-02-01 22:50:23 UTC,744,21.0,31.0,95
2019-02-01 22:50:45 UTC,745,20.0,32.0,105
2019-02-01 22:51:06 UTC,746,20.0,32.0,105
2019-02-01 22:51:28 UTC,747,21.0,31.0,95
2019-02-01 22:51:49 UTC,748,21.0,31.0,95
2019-02-01 22:52:11 UTC,749,21.0,31.0,95
2019-02-01 22:52:32 UTC,750,21.0,31.0,95
2019-02-01 22:52:54 UTC,751,21.0,31.0,95
2019-02-01 22:53:16 UTC,752,21.0,31.0,95
2019-02-01 22:53:37 UTC,753,20.0,32.0,105
2019-02-01 22:53:59 UTC,754,21.0,31.0,95
2019-02-01 22:54:20 UTC,755,21.0,31.0,95
2019-02-01 22:54:42 UTC,756,20.0,32.0,105
2019-02-01 22:55:03 UTC,757,20.0,32.0,105
2019-02-01 22:55:25 UTC,758,21.0,31.0,95
2019-02-01 22:55:46 UTC,759,20.0,32.0,105
2019-02-01 22:56:08 UTC,760,21.0,31.0,95
2019-02-01 22:56:29 UTC,761,21.0,31.0,95
2019-02-01 22:56:51 UTC,762,20.0,32.0,105
2019-02-01 22:57:13 UTC,763,21.0,31.0,95
2019-02-01 22:57:34 UTC,764,21.0,31.0,95
2019-02-01 22:57:56 UTC,765,20.0,32.0,105
2019-02-01 22:58:17 UTC,766,21.0,31.0,95
2019-02-01 22:58:39 UTC,767,21.0,31.0,95
2019-02-01 22:59:00 UTC,768,21.0,31.0,95
2019-02-01 22:59:22 UTC,769,20.0,32.0,105
2019-02-01 22:59:43 UTC,770,20.0,32.0,105
2019-02-01 23:00:05 UTC,771,20.0,32.0,105
2019-02-01 23:00:27 UTC,772,20.0,32.0,105
2019-02-01 23:00:48 UTC,773,20.0,32.0,105
2019-02-01 23:01:10 UTC,774,21.0,31.0,95
2019-02-01 23:01:31 UTC,775,20.0,32.0,105
2019-02-01 23:01:53 UTC,776,21.0,31.0,95
2019-02-01 23:02:14 UTC,777,20.0,32.0,105
2019-02-01 23:02:36 UTC,778,20.0,33.0,221
2019-02-01 23:02:58 UTC,779,20.0,32.0,105
2019-02-01 23:03:19 UTC,780,20.0,32.0,105
2019-02-01 23:03:41 UTC,781,20.0,32.0,105
2019-02-01 23:04:02 UTC,782,20.0,32.0,105
2019-02-04 14:34:31 UTC,783,0.0,0.0,144
2019-02-04 14:34:52 UTC,784,0.0,0.0,144
2019-02-04 14:35:16 UTC,785,0.0,0.0,144
2019-02-04 14:35:34 UTC,786,22.0,30.0,184
2019-02-04 14:35:56 UTC,787,22.0,32.0,11
2019-02-04 14:36:18 UTC,788,22.0,32.0,11
2019-02-04 14:36:39 UTC,789,22.0,33.0,191
2019-02-04 14:37:01 UTC,790,22.0,34.0,99
2019-02-04 14:37:22 UTC,791,22.0,35.0,215
2019-02-04 14:37:44 UTC,792,23.0,40.0,249
2019-02-04 14:38:06 UTC,793,17.0,25.0,2
2019-02-04 14:38:27 UTC,794,21.0,44.0,106
2019-02-04 14:38:49 UTC,795,21.0,45.0,222
2019-02-04 14:39:10 UTC,796,21.0,45.0,222
2019-02-04 14:39:32 UTC,797,21.0,45.0,222
2019-02-04 14:39:54 UTC,798,21.0,45.0,222
2019-02-04 14:40:15 UTC,799,21.0,46.0,2
2019-02-04 14:40:37 UTC,800,21.0,46.0,2
2019-02-04 14:40:59 UTC,801,21.0,46.0,2
2019-02-04 14:41:20 UTC,802,21.0,46.0,2
2019-02-04 14:41:42 UTC,803,22.0,42.0,160
2019-02-04 14:42:03 UTC,804,21.0,45.0,222
2019-02-04 14:42:25 UTC,805,21.0,45.0,222
2019-02-04 14:42:47 UTC,806,21.0,44.0,106
2019-02-04 14:43:08 UTC,807,21.0,44.0,106
2019-02-04 14:43:30 UTC,808,21.0,44.0,106
2019-02-04 14:43:52 UTC,809,21.0,43.0,71
2019-02-04 14:44:13 UTC,810,21.0,43.0,71
2019-02-04 14:44:35 UTC,811,21.0,43.0,71
2019-02-04 14:44:59 UTC,812,21.0,43.0,71
2019-02-04 14:45:20 UTC,813,22.0,42.0,160
2019-02-04 14:45:42 UTC,814,21.0,43.0,71
2019-02-04 14:46:04 UTC,815,22.0,42.0,160
2019-02-04 14:46:25 UTC,816,22.0,42.0,160
2019-02-04 14:46:47 UTC,817,22.0,42.0,160
2019-02-04 14:47:08 UTC,818,22.0,42.0,160
2019-02-04 14:47:30 UTC,819,21.0,41.0,47
2019-02-04 14:47:52 UTC,820,21.0,34.0,48
